Size,DNS Lookup,Connect,Start Transfer,Total,Size Downloaded
100,0.000056,0.000000,0.000000,0.000417,0
200,0.000055,0.000000,0.000000,0.000419,0
300,0.000055,0.000000,0.000000,0.000411,0
400,0.000056,0.000000,0.000000,0.000411,0
500,0.000056,0.000000,0.000000,0.000419,0
600,0.000056,0.000000,0.000000,0.000414,0
700,0.000057,0.000000,0.000000,0.000415,0
800,0.000055,0.000000,0.000000,0.000414,0
900,0.000098,0.000000,0.000000,0.000460,0
1000,0.000056,0.000000,0.000000,0.000418,0
